{
    "users": [
      {
        "id": 0,
        "name": "Adam Carter",
        "work": "Unilogic",
        "email": "adam.carter@unilogic.com",
        "dob": "1978",
        "address": "83 Warner Street",
        "city": "Boston",
        "optedin": true
      },
      {
        "id": 1,
        "name": "Leanne Brier",
        "work": "Connic",
        "email": "leanne.brier@connic.org",
        "dob": "1987",
        "address": "9 Coleman Avenue",
        "city": "Toronto",
        "optedin": false
      }
    ],
    "images": [
      "img0.png",
      "img1.png",
      "img2.png"
    ],
    "coordinates": {
      "x": 35.12,
      "y": -21.49
    },
    "price": "$59,395"
  }